{
  "run": [
    {
      "filePath": "/MyAppSAPUI5_v2/webapp/index.html",
      "previewMode": 1,
      "dataMode": 1,
      "workspace": "withoutWorkspace",
      "ui5ActiveVersion": null,
      "ui5VerSource": null,
      "isDefaultVersion": 0,
      "urlParameters": [],
      "hashParameter": "",
      "backendSystem": [],
      "_metadata": {
        "runnerId": "webapprunner",
        "id": 5383868,
        "displayName": "Run index.html",
        "lastRunTimeStamp": 1466706572814
      }
    }
  ]
}